"Dim1","Dim2","Dim3","Dim4","Dim5","Dim6","Dim7","Dim8","Dim9","Dim11","Dim12","Dim13","Dim14","Dim15"
1.1677,0.0092142,0.91488,0.91488,0.67285,0.3588,0.0092142,0.88262,0.26496,0.99539,0.99539,0.93797,0.70605,3.653
1.1214,0.0124,0.84773,0.84773,0.49724,0.26401,0.0124,0.90631,0.23099,0.9938,0.9938,0.95127,0.66882,3.62
1.4981,0.013411,0.95209,0.95209,1.2503,0.71616,0.013411,0.70685,0.52033,0.99329,0.99329,0.82502,0.9832,3.879
1.0616,0.00553,0.86829,0.86829,0.27882,0.14486,0.00553,0.95251,0.13088,0.99723,0.99723,0.97578,0.61613,3.749
1.1638,0.0090074,0.91497,0.91497,0.66117,0.35217,0.0090074,0.88515,0.26038,0.9955,0.9955,0.93938,0.70278,3.6553
1.0753,0.0053998,0.8934,0.8934,0.33993,0.17672,0.0053998,0.94397,0.14783,0.9973,0.9973,0.9713,0.62751,3.7361
1.2225,0.013488,0.90445,0.90445,0.8186,0.44406,0.013488,0.84553,0.33265,0.99326,0.99326,0.91684,0.75355,3.6161
1.1397,0.009061,0.90098,0.90098,0.57808,0.30626,0.009061,0.89952,0.23653,0.99547,0.99547,0.94741,0.68266,3.6555
1.0642,0.0052466,0.87956,0.87956,0.29174,0.15144,0.0052466,0.95122,0.133,0.99738,0.99738,0.9751,0.61819,3.7498
1.0566,0.0054764,0.8588,0.8588,0.25644,0.13322,0.0054764,0.95577,0.12399,0.99726,0.99726,0.97748,0.61196,3.7561
1.0482,0.0043964,0.86698,0.86698,0.22227,0.11502,0.0043964,0.96257,0.10747,0.9978,0.9978,0.98099,0.60452,3.7835
1.01,0.0012561,0.82188,0.82188,0.047134,0.024267,0.0012561,0.99169,0.030415,0.99937,0.99937,0.99583,0.57135,3.9235
1.0413,0.0042586,0.8509,0.8509,0.19036,0.098535,0.0042586,0.9672,0.096989,0.99787,0.99787,0.98338,0.59873,3.7969
1.0082,0.0010646,0.81633,0.81633,0.038591,0.019876,0.0010646,0.99314,0.025807,0.99947,0.99947,0.99656,0.56977,3.9339
1.1306,0.0064951,0.92381,0.92381,0.55597,0.29283,0.0064951,0.9083,0.21568,0.99675,0.99675,0.95214,0.67404,3.6911
1.125,0.012263,0.85332,0.85332,0.51141,0.2716,0.012263,0.90429,0.23436,0.99387,0.99387,0.95016,0.67178,3.6204
1.1422,0.0062653,0.93206,0.93206,0.59877,0.31615,0.0062653,0.90156,0.22659,0.99687,0.99687,0.94841,0.68364,3.6925
1.1038,0.006273,0.90875,0.90875,0.45451,0.2379,0.006273,0.92502,0.18556,0.99686,0.99686,0.96122,0.65161,3.7036
1.1736,0.0066942,0.93971,0.93971,0.70237,0.37401,0.0066942,0.88232,0.25927,0.99665,0.99665,0.93766,0.70999,3.6875
1.1612,0.0087776,0.91583,0.91583,0.65333,0.34768,0.0087776,0.88701,0.2568,0.99561,0.99561,0.94042,0.70047,3.6582
1.069,0.0048177,0.89631,0.89631,0.31476,0.16324,0.0048177,0.94874,0.13714,0.99759,0.99759,0.97379,0.62199,3.7507
1.1558,0.010715,0.89459,0.89459,0.62728,0.33424,0.010715,0.88775,0.25979,0.99464,0.99464,0.94093,0.69678,3.6338
1.0753,0.0053998,0.8934,0.8934,0.33993,0.17672,0.0053998,0.94397,0.14783,0.9973,0.9973,0.9713,0.62751,3.7361
1.1508,0.010516,0.8934,0.8934,0.61127,0.32528,0.010516,0.89094,0.25405,0.99474,0.99474,0.94271,0.69258,3.6364
1.0682,0.0078431,0.83277,0.83277,0.29832,0.15619,0.0078431,0.94532,0.14956,0.99608,0.99608,0.97205,0.62257,3.7109
1.1526,0.0095358,0.90407,0.90407,0.6213,0.33031,0.0095358,0.89115,0.25165,0.99523,0.99523,0.94278,0.69364,3.6484
1.1604,0.007935,0.92341,0.92341,0.65431,0.34778,0.007935,0.88853,0.25233,0.99603,0.99603,0.94123,0.69951,3.6692
1.0647,0.0038373,0.91161,0.91161,0.29984,0.15495,0.0038373,0.95276,0.12689,0.99808,0.99808,0.97588,0.618,3.77
1.1339,0.006993,0.92,0.92,0.56598,0.29855,0.006993,0.90565,0.22142,0.9965,0.9965,0.9507,0.67701,3.6836
1.1339,0.006993,0.92,0.92,0.56598,0.29855,0.006993,0.90565,0.22142,0.9965,0.9965,0.9507,0.67701,3.6836
1.033,0.0062194,0.73866,0.73866,0.14183,0.074692,0.0062194,0.97002,0.093096,0.99689,0.99689,0.98485,0.59261,3.7868
1.1218,0.014216,0.82717,0.82717,0.49135,0.26175,0.014216,0.90373,0.23848,0.99289,0.99289,0.94992,0.66993,3.5999
1.0729,0.004833,0.90132,0.90132,0.33203,0.17229,0.004833,0.94621,0.14221,0.99758,0.99758,0.97246,0.6253,3.7465
1.1192,0.00589,0.92457,0.92457,0.51583,0.2707,0.00589,0.91605,0.20072,0.99705,0.99705,0.95635,0.66425,3.7026
1.1192,0.00589,0.92457,0.92457,0.51583,0.2707,0.00589,0.91605,0.20072,0.99705,0.99705,0.95635,0.66425,3.7026
1.0201,0.0031097,0.78282,0.78282,0.090854,0.047253,0.0031097,0.98258,0.058108,0.99845,0.99845,0.99123,0.58053,3.8611
1.1225,0.007935,0.90177,0.90177,0.52008,0.27407,0.007935,0.91135,0.21365,0.99603,0.99603,0.95386,0.66792,3.6737
1.1502,0.016123,0.83865,0.83865,0.58607,0.31428,0.016123,0.88421,0.27553,0.99194,0.99194,0.93919,0.69436,3.5735
1.0774,0.0051394,0.90091,0.90091,0.34987,0.18181,0.0051394,0.94302,0.14915,0.99743,0.99743,0.97079,0.62911,3.7379
1.1017,0.002742,0.95869,0.95869,0.46115,0.23961,0.002742,0.93089,0.16574,0.99863,0.99863,0.96426,0.64843,3.7587
1.1017,0.002742,0.95869,0.95869,0.46115,0.23961,0.002742,0.93089,0.16574,0.99863,0.99863,0.96426,0.64843,3.7587
1.0254,0.0028876,0.83716,0.83716,0.11849,0.061152,0.0028876,0.97939,0.065927,0.99856,0.99856,0.98961,0.58487,3.8506
1.0939,0.0055224,0.91148,0.91148,0.41784,0.21795,0.0055224,0.93212,0.17077,0.99724,0.99724,0.96501,0.64308,3.7198
1.1236,0.016238,0.80655,0.80655,0.48964,0.26184,0.016238,0.90009,0.24795,0.99188,0.99188,0.94799,0.67224,3.5782
1.1556,0.0093673,0.90738,0.90738,0.63212,0.33621,0.0093673,0.88959,0.25387,0.99532,0.99532,0.9419,0.69605,3.6505
1.0981,0.012898,0.8082,0.8082,0.40385,0.21426,0.012898,0.92002,0.20659,0.99355,0.99355,0.95871,0.6496,3.6261
1.0931,0.0091222,0.85515,0.85515,0.39927,0.20993,0.0091222,0.92798,0.18567,0.99544,0.99544,0.96289,0.64387,3.6729
1.0158,0.0012638,0.88374,0.88374,0.076861,0.039255,0.0012638,0.98787,0.041159,0.99937,0.99937,0.9939,0.57616,3.9039
1.1987,0.016609,0.87071,0.87071,0.739,0.39999,0.016609,0.85521,0.32384,0.9917,0.9917,0.92271,0.73497,3.5733
1.0886,0.0083104,0.86128,0.86128,0.384,0.20143,0.0083104,0.93185,0.17689,0.99584,0.99584,0.96494,0.63977,3.6862
1.0914,0.011282,0.81985,0.81985,0.38345,0.20264,0.011282,0.92622,0.19247,0.99436,0.99436,0.962,0.6434,3.6486
1.0277,0.0049213,0.75249,0.75249,0.12105,0.063468,0.0049213,0.97522,0.079003,0.99754,0.99754,0.9875,0.58761,3.8159
1.0936,0.007958,0.87352,0.87352,0.40616,0.21299,0.007958,0.92918,0.1813,0.99602,0.99602,0.9635,0.64379,3.6871
1.0941,0.011428,0.82244,0.82244,0.394,0.2083,0.011428,0.92434,0.19627,0.99429,0.99429,0.961,0.64572,3.645
1.0407,0.0036294,0.87004,0.87004,0.18987,0.097963,0.0036294,0.96846,0.093023,0.99819,0.99819,0.98402,0.59791,3.8074
1.0958,0.0071538,0.88829,0.88829,0.41851,0.21914,0.0071538,0.92886,0.18035,0.99642,0.99642,0.96331,0.64529,3.6962
1.1051,0.013082,0.8174,0.8174,0.43122,0.22892,0.013082,0.91545,0.21543,0.99346,0.99346,0.95625,0.65551,3.6198
1.0857,0.0050781,0.91103,0.91103,0.38547,0.20055,0.0050781,0.93787,0.15894,0.99746,0.99746,0.96806,0.63601,3.732
1.0802,0.0033931,0.93607,0.93607,0.36921,0.1911,0.0033931,0.94354,0.14399,0.9983,0.9983,0.97102,0.63071,3.762
1.0756,0.0035156,0.93002,0.93002,0.34914,0.1806,0.0035156,0.94626,0.13905,0.99824,0.99824,0.97246,0.62696,3.764
1.057,0.0029335,0.9233,0.9233,0.26924,0.13857,0.0029335,0.95883,0.11232,0.99853,0.99853,0.97903,0.61126,3.7935
1.275,0.0056909,0.96614,0.96614,0.97729,0.53388,0.0056909,0.82626,0.34051,0.99715,0.99715,0.90453,0.79405,3.7481
1.1306,0.01664,0.81166,0.81166,0.5143,0.27537,0.01664,0.89529,0.25708,0.99168,0.99168,0.94536,0.6783,3.5718
1.0436,0.0018153,0.93787,0.93787,0.21142,0.10812,0.0018153,0.96897,0.08783,0.99909,0.99909,0.98426,0.59957,3.8322
1.079,0.014456,0.74109,0.74109,0.31776,0.16962,0.014456,0.92992,0.18918,0.99277,0.99277,0.96403,0.63436,3.6253
1.0956,0.017686,0.73675,0.73675,0.37376,0.20066,0.017686,0.91544,0.22108,0.99116,0.99116,0.95635,0.64951,3.5792
1.0318,0.0021523,0.90066,0.90066,0.15319,0.078449,0.0021523,0.97619,0.072272,0.99892,0.99892,0.98797,0.58988,3.8481
1.3382,0.012316,0.9394,0.9394,1.0741,0.59785,0.012316,0.78459,0.41717,0.99384,0.99384,0.87904,0.8495,3.7101
1.1135,0.0085631,0.88645,0.88645,0.48286,0.2543,0.0085631,0.9161,0.20652,0.99572,0.99572,0.95647,0.66062,3.6688
1.082,0.008295,0.85137,0.85137,0.35659,0.18695,0.008295,0.93596,0.16893,0.99585,0.99585,0.96712,0.63433,3.6916
1.0817,0.015194,0.73687,0.73687,0.32612,0.17436,0.015194,0.92729,0.19522,0.9924,0.9924,0.96264,0.6369,3.6153
1.0202,0.0011642,0.9152,0.9152,0.099616,0.050714,0.0011642,0.98511,0.048186,0.99942,0.99942,0.99251,0.57978,3.8932
1.098,0.013136,0.80477,0.80477,0.40261,0.21372,0.013136,0.91975,0.20743,0.99343,0.99343,0.95857,0.64964,3.6235
1.0598,0.0050092,0.87684,0.87684,0.27292,0.14153,0.0050092,0.95434,0.12611,0.9975,0.9975,0.97673,0.61442,3.7585
1.3338,0.037232,0.82044,0.82044,0.9749,0.54909,0.037232,0.7568,0.50347,0.98138,0.98138,0.86391,0.8562,3.4655
1.0671,0.0073529,0.84034,0.84034,0.29557,0.15451,0.0073529,0.94665,0.14607,0.99632,0.99632,0.97274,0.62146,3.7183
1.0668,0.0056373,0.87568,0.87568,0.3017,0.15684,0.0056373,0.94905,0.13817,0.99718,0.99718,0.97397,0.62053,3.7414
1.1897,0.0058058,0.95167,0.95167,0.75563,0.40368,0.0058058,0.87409,0.26983,0.9971,0.9971,0.93291,0.72297,3.7036
1.3099,0.034429,0.82279,0.82279,0.94057,0.5269,0.034429,0.77248,0.47701,0.98279,0.98279,0.87376,0.83507,3.469
1.1185,0.01721,0.7879,0.7879,0.46643,0.24982,0.01721,0.90194,0.24589,0.99139,0.99139,0.94903,0.66842,3.5704
1.0611,0.0046186,0.8883,0.8883,0.28024,0.14514,0.0046186,0.95405,0.12593,0.99769,0.99769,0.97657,0.6153,3.7626
1.3108,0.036474,0.81325,0.81325,0.93489,0.52444,0.036474,0.76955,0.48416,0.98176,0.98176,0.87208,0.83671,3.4535
1.1209,0.015533,0.81085,0.81085,0.4826,0.25769,0.015533,0.90259,0.24247,0.99223,0.99223,0.94933,0.66975,3.5864
1.0312,0.0017923,0.91525,0.91525,0.15173,0.077524,0.0017923,0.97706,0.069396,0.9991,0.9991,0.98842,0.58922,3.8556
1.3167,0.035294,0.82179,0.82179,0.95052,0.53334,0.035294,0.7679,0.48484,0.98235,0.98235,0.87091,0.84111,3.4672
1.1026,0.0161,0.77334,0.77334,0.40873,0.21844,0.0161,0.91313,0.22377,0.99195,0.99195,0.95507,0.65469,3.5898
1.0334,0.0022059,0.90292,0.90292,0.16074,0.082331,0.0022059,0.97508,0.074987,0.9989,0.9989,0.9874,0.59123,3.8439
1.2195,0.02055,0.85472,0.85472,0.78255,0.42693,0.02055,0.83842,0.357,0.98973,0.98973,0.91313,0.75398,3.54
1.0383,0.0025582,0.90175,0.90175,0.18306,0.093933,0.0025582,0.97141,0.084189,0.99872,0.99872,0.98553,0.59548,3.8285
1.1956,0.019815,0.84476,0.84476,0.71725,0.38929,0.019815,0.85294,0.33295,0.99009,0.99009,0.92158,0.73378,3.5399
1.1879,0.019332,0.84287,0.84287,0.69582,0.37695,0.019332,0.85801,0.32404,0.99033,0.99033,0.92448,0.72713,3.543
1.0332,0.0024586,0.89172,0.89172,0.15892,0.081533,0.0024586,0.97484,0.07608,0.99877,0.99877,0.98729,0.59121,3.84
1.1284,0.015005,0.8265,0.8265,0.51266,0.27366,0.015005,0.89874,0.24858,0.9925,0.9925,0.9472,0.67573,3.5894
1.2559,0.028286,0.82733,0.82733,0.84609,0.46772,0.028286,0.8087,0.41463,0.98586,0.98586,0.89585,0.78752,3.4856
1.0079,0.00056679,0.89564,0.89564,0.039163,0.019914,0.00056679,0.994,0.022308,0.99972,0.99972,0.99699,0.56931,3.9447
1.2787,0.0064645,0.96203,0.96203,0.98222,0.53734,0.0064645,0.82331,0.34713,0.99677,0.99677,0.9028,0.79741,3.7391
1.0956,0.0089614,0.8611,0.8611,0.41039,0.21575,0.0089614,0.9266,0.18799,0.99552,0.99552,0.96215,0.64593,3.6732
1.204,0.018995,0.85631,0.85631,0.745,0.40463,0.018995,0.84918,0.33756,0.9905,0.9905,0.91934,0.7404,3.5502
1.0203,0.0010646,0.92296,0.92296,0.10099,0.051362,0.0010646,0.98512,0.047924,0.99947,0.99947,0.99251,0.5799,3.8946
1.125,0.012263,0.85332,0.85332,0.51141,0.2716,0.012263,0.90429,0.23436,0.99387,0.99387,0.95016,0.67178,3.6204
1.1038,0.006273,0.90875,0.90875,0.45451,0.2379,0.006273,0.92502,0.18556,0.99686,0.99686,0.96122,0.65161,3.7036
1.2019,0.017846,0.86344,0.86344,0.7436,0.40325,0.017846,0.85179,0.33145,0.99108,0.99108,0.9208,0.7382,3.5613
1.1375,0.015885,0.82784,0.82784,0.5424,0.29026,0.015885,0.89209,0.26158,0.99206,0.99206,0.94357,0.68372,3.5779
1.0891,0.0053539,0.90973,0.90973,0.39861,0.20765,0.0053539,0.93536,0.16431,0.99732,0.99732,0.96673,0.63898,3.7255
1.2186,0.021883,0.84518,0.84518,0.77495,0.42324,0.021883,0.83725,0.36102,0.98906,0.98906,0.91253,0.75382,3.5268
1.1202,0.013113,0.83804,0.83804,0.48999,0.26046,0.013113,0.9061,0.23254,0.99344,0.99344,0.95118,0.66817,3.6125
1.0698,0.0077436,0.83843,0.83843,0.3061,0.1602,0.0077436,0.94439,0.15129,0.99613,0.99613,0.97156,0.62392,3.7103
1.2228,0.021193,0.85232,0.85232,0.7891,0.43103,0.021193,0.83574,0.36222,0.9894,0.9894,0.91159,0.75703,3.535
1.225,0.01996,0.86174,0.86174,0.79969,0.43651,0.01996,0.83607,0.35961,0.99002,0.99002,0.9117,0.75829,3.548
1.0619,0.0083027,0.8072,0.8072,0.26843,0.14086,0.0083027,0.9487,0.14326,0.99585,0.99585,0.97383,0.61754,3.7127
1.3006,0.0051164,0.97183,0.97183,1.0326,0.56755,0.0051164,0.81325,0.35684,0.99744,0.99744,0.8964,0.81509,3.7762
1.1713,0.016253,0.85548,0.85548,0.65608,0.35311,0.016253,0.87155,0.29691,0.99187,0.99187,0.93207,0.71202,3.5721
1.143,0.014292,0.84974,0.84974,0.56864,0.30379,0.014292,0.89079,0.26129,0.99285,0.99285,0.94279,0.68766,3.5938
1.1602,0.0056373,0.94516,0.94516,0.66308,0.35143,0.0056373,0.89159,0.24143,0.99718,0.99718,0.94283,0.69839,3.7013
1.1358,0.0049403,0.94381,0.94381,0.58122,0.3058,0.0049403,0.90717,0.21362,0.99753,0.99753,0.95145,0.67771,3.7127
1.1003,0.0064568,0.90315,0.90315,0.43996,0.23021,0.0064568,0.92692,0.18248,0.99677,0.99677,0.96225,0.64881,3.7029
1.2556,0.0065717,0.95833,0.95833,0.92966,0.50565,0.0065717,0.83576,0.32964,0.99671,0.99671,0.91041,0.77826,3.7222
1.2154,0.0060509,0.95518,0.95518,0.82883,0.44591,0.0060509,0.85897,0.29377,0.99697,0.99697,0.92417,0.74452,3.7089
1.3062,0.0068091,0.96321,0.96321,1.0371,0.57137,0.0068091,0.80814,0.3694,0.9966,0.9966,0.89339,0.8205,3.7553
1.1003,0.0064415,0.90336,0.90336,0.44,0.23023,0.0064415,0.92694,0.18241,0.99678,0.99678,0.96226,0.6488,3.7031
1.1028,0.0072534,0.89398,0.89398,0.44635,0.23404,0.0072534,0.92438,0.18883,0.99637,0.99637,0.96091,0.65117,3.6908
1.1306,0.0064951,0.92381,0.92381,0.55597,0.29283,0.0064951,0.9083,0.21568,0.99675,0.99675,0.95214,0.67404,3.6911
1.1422,0.0062653,0.93206,0.93206,0.59877,0.31615,0.0062653,0.90156,0.22659,0.99687,0.99687,0.94841,0.68364,3.6925
1.1736,0.0066942,0.93971,0.93971,0.70237,0.37401,0.0066942,0.88232,0.25927,0.99665,0.99665,0.93766,0.70999,3.6875
1.1697,0.012171,0.88969,0.88969,0.66747,0.35736,0.012171,0.87765,0.27938,0.99391,0.99391,0.93532,0.70899,3.6171
1.1671,0.012339,0.88664,0.88664,0.65838,0.35237,0.012339,0.87896,0.27757,0.99383,0.99383,0.93607,0.70691,3.615
1.12,0.0044501,0.94308,0.94308,0.52513,0.27498,0.0044501,0.91739,0.19468,0.99777,0.99777,0.95702,0.66438,3.7237
1.1601,0.012209,0.88333,0.88333,0.6356,0.33963,0.012209,0.8833,0.27016,0.9939,0.9939,0.93851,0.70097,3.6162
1.1339,0.006993,0.92,0.92,0.56598,0.29855,0.006993,0.90565,0.22142,0.9965,0.9965,0.9507,0.67701,3.6836
1.1192,0.00589,0.92457,0.92457,0.51583,0.2707,0.00589,0.91605,0.20072,0.99705,0.99705,0.95635,0.66425,3.7026
1.1017,0.002742,0.95869,0.95869,0.46115,0.23961,0.002742,0.93089,0.16574,0.99863,0.99863,0.96426,0.64843,3.7587
1.089,0.0020987,0.96397,0.96397,0.41203,0.21308,0.0020987,0.93966,0.14759,0.99895,0.99895,0.96893,0.63756,3.7775
1.1612,0.0087776,0.91583,0.91583,0.65333,0.34768,0.0087776,0.88701,0.2568,0.99561,0.99561,0.94042,0.70047,3.6582
1.1897,0.0058058,0.95167,0.95167,0.75563,0.40368,0.0058058,0.87409,0.26983,0.9971,0.9971,0.93291,0.72297,3.7036
1.1558,0.010715,0.89459,0.89459,0.62728,0.33424,0.010715,0.88775,0.25979,0.99464,0.99464,0.94093,0.69678,3.6338
1.1508,0.010516,0.8934,0.8934,0.61127,0.32528,0.010516,0.89094,0.25405,0.99474,0.99474,0.94271,0.69258,3.6364
1.1526,0.0095358,0.90407,0.90407,0.6213,0.33031,0.0095358,0.89115,0.25165,0.99523,0.99523,0.94278,0.69364,3.6484
1.1604,0.007935,0.92341,0.92341,0.65431,0.34778,0.007935,0.88853,0.25233,0.99603,0.99603,0.94123,0.69951,3.6692
1.0529,0.0023974,0.93225,0.93225,0.25231,0.12952,0.0023974,0.96222,0.10387,0.9988,0.9988,0.98078,0.60755,3.8081
1.1064,0.011642,0.83829,0.83829,0.44233,0.23413,0.011642,0.9165,0.21129,0.99418,0.99418,0.95678,0.65599,3.6351
1.0298,0.0015089,0.92518,0.92518,0.14625,0.074587,0.0015089,0.97833,0.065719,0.99925,0.99925,0.98906,0.58797,3.8636
1.2787,0.0064645,0.96203,0.96203,0.98222,0.53734,0.0064645,0.82331,0.34713,0.99677,0.99677,0.9028,0.79741,3.7391
1.0992,0.0028263,0.95642,0.95642,0.45076,0.23409,0.0028263,0.93233,0.16337,0.99859,0.99859,0.96504,0.64638,3.7585
1.0821,0.009329,0.83387,0.83387,0.35239,0.18526,0.009329,0.9346,0.17328,0.99534,0.99534,0.96642,0.63478,3.6789
1.0769,0.0047564,0.90753,0.90753,0.3494,0.18137,0.0047564,0.94383,0.14673,0.99762,0.99762,0.9712,0.62854,3.7439
1.1773,0.024211,0.79534,0.79534,0.64335,0.34998,0.024211,0.85808,0.33104,0.98789,0.98789,0.92476,0.72034,3.4958
1.2129,0.029274,0.79115,0.79115,0.7299,0.40113,0.029274,0.83142,0.38087,0.98536,0.98536,0.90953,0.75209,3.4591
1.1602,0.0056373,0.94516,0.94516,0.66308,0.35143,0.0056373,0.89159,0.24143,0.99718,0.99718,0.94283,0.69839,3.7013
1.1783,0.027642,0.76946,0.76946,0.63298,0.34587,0.027642,0.85322,0.34337,0.98618,0.98618,0.92212,0.72264,3.4662
1.2523,0.030124,0.81448,0.81448,0.83044,0.45945,0.030124,0.80841,0.41774,0.98494,0.98494,0.89581,0.78533,3.468
1.1915,0.02873,0.7752,0.7752,0.66937,0.3667,0.02873,0.84429,0.35941,0.98563,0.98563,0.91703,0.73402,3.4587
1.2154,0.0060509,0.95518,0.95518,0.82883,0.44591,0.0060509,0.85897,0.29377,0.99697,0.99697,0.92417,0.74452,3.7089
1.1697,0.012171,0.88969,0.88969,0.66747,0.35736,0.012171,0.87765,0.27938,0.99391,0.99391,0.93532,0.70899,3.6171
1.2316,0.030147,0.80026,0.80026,0.77766,0.42887,0.030147,0.81983,0.40023,0.98493,0.98493,0.9027,0.76807,3.4584
1.1671,0.012339,0.88664,0.88664,0.65838,0.35237,0.012339,0.87896,0.27757,0.99383,0.99383,0.93607,0.70691,3.615
1.1601,0.012209,0.88333,0.88333,0.6356,0.33963,0.012209,0.8833,0.27016,0.9939,0.9939,0.93851,0.70097,3.6162
1.1548,0.020297,0.80468,0.80468,0.58499,0.31577,0.020297,0.8762,0.29533,0.98985,0.98985,0.93487,0.69996,3.5317
1.1677,0.0092142,0.91488,0.91488,0.67285,0.3588,0.0092142,0.88262,0.26496,0.99539,0.99539,0.93797,0.70605,3.653
1.1638,0.0090074,0.91497,0.91497,0.66117,0.35217,0.0090074,0.88515,0.26038,0.9955,0.9955,0.93938,0.70278,3.6553
1.1638,0.0090074,0.91497,0.91497,0.66117,0.35217,0.0090074,0.88515,0.26038,0.9955,0.9955,0.93938,0.70278,3.6553
1.1397,0.009061,0.90098,0.90098,0.57808,0.30626,0.009061,0.89952,0.23653,0.99547,0.99547,0.94741,0.68266,3.6555
1.1211,0.013856,0.83048,0.83048,0.4903,0.261,0.013856,0.9046,0.23638,0.99307,0.99307,0.95038,0.66922,3.604
1.089,0.0020987,0.96397,0.96397,0.41203,0.21308,0.0020987,0.93966,0.14759,0.99895,0.99895,0.96893,0.63756,3.7775
1.089,0.0020987,0.96397,0.96397,0.41203,0.21308,0.0020987,0.93966,0.14759,0.99895,0.99895,0.96893,0.63756,3.7775
1.0529,0.0023974,0.93225,0.93225,0.25231,0.12952,0.0023974,0.96222,0.10387,0.9988,0.9988,0.98078,0.60755,3.8081
1.0298,0.0015089,0.92518,0.92518,0.14625,0.074587,0.0015089,0.97833,0.065719,0.99925,0.99925,0.98906,0.58797,3.8636
1.1358,0.0049403,0.94381,0.94381,0.58122,0.3058,0.0049403,0.90717,0.21362,0.99753,0.99753,0.95145,0.67771,3.7127
1.1358,0.0049403,0.94381,0.94381,0.58122,0.3058,0.0049403,0.90717,0.21362,0.99753,0.99753,0.95145,0.67771,3.7127
1.12,0.0044501,0.94308,0.94308,0.52513,0.27498,0.0044501,0.91739,0.19468,0.99777,0.99777,0.95702,0.66438,3.7237
1.12,0.0044501,0.94308,0.94308,0.52513,0.27498,0.0044501,0.91739,0.19468,0.99777,0.99777,0.95702,0.66438,3.7237
1.1306,0.0064951,0.92381,0.92381,0.55597,0.29283,0.0064951,0.9083,0.21568,0.99675,0.99675,0.95214,0.67404,3.6911
1.1422,0.0062653,0.93206,0.93206,0.59877,0.31615,0.0062653,0.90156,0.22659,0.99687,0.99687,0.94841,0.68364,3.6925
1.1897,0.0058058,0.95167,0.95167,0.75563,0.40368,0.0058058,0.87409,0.26983,0.9971,0.9971,0.93291,0.72297,3.7036
1.1736,0.0066942,0.93971,0.93971,0.70237,0.37401,0.0066942,0.88232,0.25927,0.99665,0.99665,0.93766,0.70999,3.6875
1.1897,0.0058058,0.95167,0.95167,0.75563,0.40368,0.0058058,0.87409,0.26983,0.9971,0.9971,0.93291,0.72297,3.7036
1.1612,0.0087776,0.91583,0.91583,0.65333,0.34768,0.0087776,0.88701,0.2568,0.99561,0.99561,0.94042,0.70047,3.6582
1.1558,0.010715,0.89459,0.89459,0.62728,0.33424,0.010715,0.88775,0.25979,0.99464,0.99464,0.94093,0.69678,3.6338
1.1697,0.012171,0.88969,0.88969,0.66747,0.35736,0.012171,0.87765,0.27938,0.99391,0.99391,0.93532,0.70899,3.6171
1.1671,0.012339,0.88664,0.88664,0.65838,0.35237,0.012339,0.87896,0.27757,0.99383,0.99383,0.93607,0.70691,3.615
1.1601,0.012209,0.88333,0.88333,0.6356,0.33963,0.012209,0.8833,0.27016,0.9939,0.9939,0.93851,0.70097,3.6162
1.1508,0.010516,0.8934,0.8934,0.61127,0.32528,0.010516,0.89094,0.25405,0.99474,0.99474,0.94271,0.69258,3.6364
1.1526,0.0095358,0.90407,0.90407,0.6213,0.33031,0.0095358,0.89115,0.25165,0.99523,0.99523,0.94278,0.69364,3.6484
1.1604,0.007935,0.92341,0.92341,0.65431,0.34778,0.007935,0.88853,0.25233,0.99603,0.99603,0.94123,0.69951,3.6692
1.1677,0.0092142,0.91488,0.91488,0.67285,0.3588,0.0092142,0.88262,0.26496,0.99539,0.99539,0.93797,0.70605,3.653
1.1638,0.0090074,0.91497,0.91497,0.66117,0.35217,0.0090074,0.88515,0.26038,0.9955,0.9955,0.93938,0.70278,3.6553
1.1397,0.009061,0.90098,0.90098,0.57808,0.30626,0.009061,0.89952,0.23653,0.99547,0.99547,0.94741,0.68266,3.6555
1.0992,0.0028263,0.95642,0.95642,0.45076,0.23409,0.0028263,0.93233,0.16337,0.99859,0.99859,0.96504,0.64638,3.7585
1.013,0.0026452,0.72214,0.72214,0.056858,0.029856,0.0026452,0.98784,0.043227,0.99868,0.99868,0.99389,0.57446,3.8901
1.1339,0.006993,0.92,0.92,0.56598,0.29855,0.006993,0.90565,0.22142,0.9965,0.9965,0.9507,0.67701,3.6836
1.1192,0.00589,0.92457,0.92457,0.51583,0.2707,0.00589,0.91605,0.20072,0.99705,0.99705,0.95635,0.66425,3.7026
1.0769,0.0047564,0.90753,0.90753,0.3494,0.18137,0.0047564,0.94383,0.14673,0.99762,0.99762,0.9712,0.62854,3.7439
1.1017,0.002742,0.95869,0.95869,0.46115,0.23961,0.002742,0.93089,0.16574,0.99863,0.99863,0.96426,0.64843,3.7587
1.089,0.0020987,0.96397,0.96397,0.41203,0.21308,0.0020987,0.93966,0.14759,0.99895,0.99895,0.96893,0.63756,3.7775
1.0529,0.0023974,0.93225,0.93225,0.25231,0.12952,0.0023974,0.96222,0.10387,0.9988,0.9988,0.98078,0.60755,3.8081
1.0298,0.0015089,0.92518,0.92518,0.14625,0.074587,0.0015089,0.97833,0.065719,0.99925,0.99925,0.98906,0.58797,3.8636
1.1602,0.0056373,0.94516,0.94516,0.66308,0.35143,0.0056373,0.89159,0.24143,0.99718,0.99718,0.94283,0.69839,3.7013
1.1358,0.0049403,0.94381,0.94381,0.58122,0.3058,0.0049403,0.90717,0.21362,0.99753,0.99753,0.95145,0.67771,3.7127
1.1211,0.013856,0.83048,0.83048,0.4903,0.261,0.013856,0.9046,0.23638,0.99307,0.99307,0.95038,0.66922,3.604
1.12,0.0044501,0.94308,0.94308,0.52513,0.27498,0.0044501,0.91739,0.19468,0.99777,0.99777,0.95702,0.66438,3.7237
1.1893,0.01021,0.91577,0.91577,0.73677,0.39534,0.01021,0.86868,0.28955,0.9949,0.9949,0.93009,0.72451,3.6441
1.013,0.0026452,0.72214,0.72214,0.056858,0.029856,0.0026452,0.98784,0.043227,0.99868,0.99868,0.99389,0.57446,3.8901
1.0992,0.0028263,0.95642,0.95642,0.45076,0.23409,0.0028263,0.93233,0.16337,0.99859,0.99859,0.96504,0.64638,3.7585
1.0769,0.0047564,0.90753,0.90753,0.3494,0.18137,0.0047564,0.94383,0.14673,0.99762,0.99762,0.9712,0.62854,3.7439
1.2042,0.0081878,0.93664,0.93664,0.78884,0.424,0.0081878,0.86264,0.29405,0.99591,0.99591,0.92647,0.7361,3.6747
1.0685,0.0061823,0.86732,0.86732,0.3069,0.15983,0.0061823,0.94726,0.14281,0.99691,0.99691,0.97304,0.62217,3.7321
1.072,0.0060901,0.87518,0.87518,0.3227,0.16804,0.0060901,0.94516,0.14686,0.99695,0.99695,0.97193,0.62505,3.7297
1.0714,0.006982,0.85664,0.85664,0.31637,0.16518,0.006982,0.94436,0.15007,0.99651,0.99651,0.97153,0.62494,3.7184
1.2224,0.005216,0.9624,0.9624,0.85106,0.4584,0.005216,0.85608,0.29559,0.99739,0.99739,0.9224,0.74997,3.7244
1.2331,0.0052313,0.96387,0.96387,0.87914,0.47488,0.0052313,0.85002,0.30465,0.99738,0.99738,0.91883,0.75889,3.7294
1.2477,0.0055224,0.96392,0.96392,0.9148,0.49617,0.0055224,0.84146,0.31814,0.99724,0.99724,0.91374,0.77125,3.733
1.2042,0.0081878,0.93664,0.93664,0.78884,0.424,0.0081878,0.86264,0.29405,0.99591,0.99591,0.92647,0.7361,3.6747
1.275,0.0056909,0.96614,0.96614,0.97729,0.53388,0.0056909,0.82626,0.34051,0.99715,0.99715,0.90453,0.79405,3.7481
1.2224,0.005216,0.9624,0.9624,0.85106,0.4584,0.005216,0.85608,0.29559,0.99739,0.99739,0.9224,0.74997,3.7244
1.1893,0.01021,0.91577,0.91577,0.73677,0.39534,0.01021,0.86868,0.28955,0.9949,0.9949,0.93009,0.72451,3.6441
1.0821,0.0088275,0.84247,0.84247,0.35476,0.18626,0.0088275,0.93521,0.17128,0.99559,0.99559,0.96674,0.63463,3.685
1.178,0.021684,0.81623,0.81623,0.6558,0.35568,0.021684,0.86079,0.32309,0.98916,0.98916,0.9262,0.7199,3.5189
1.0114,0.0023376,0.72044,0.72044,0.049926,0.026212,0.0023376,0.98931,0.038706,0.99883,0.99883,0.99463,0.573,3.9005
1.3382,0.012316,0.9394,0.9394,1.0741,0.59785,0.012316,0.78459,0.41717,0.99384,0.99384,0.87904,0.8495,3.7101
1.2331,0.0052313,0.96387,0.96387,0.87914,0.47488,0.0052313,0.85002,0.30465,0.99738,0.99738,0.91883,0.75889,3.7294
1.2477,0.0055224,0.96392,0.96392,0.9148,0.49617,0.0055224,0.84146,0.31814,0.99724,0.99724,0.91374,0.77125,3.733
1.2042,0.0081878,0.93664,0.93664,0.78884,0.424,0.0081878,0.86264,0.29405,0.99591,0.99591,0.92647,0.7361,3.6747
1.3062,0.0068091,0.96321,0.96321,1.0371,0.57137,0.0068091,0.80814,0.3694,0.9966,0.9966,0.89339,0.8205,3.7553
1.275,0.0056909,0.96614,0.96614,0.97729,0.53388,0.0056909,0.82626,0.34051,0.99715,0.99715,0.90453,0.79405,3.7481
1.6625,0.025973,0.92556,0.92556,1.2574,0.72436,0.025973,0.62579,0.64897,0.98701,0.98701,0.76187,1.1254,3.9818
1.3382,0.012316,0.9394,0.9394,1.0741,0.59785,0.012316,0.78459,0.41717,0.99384,0.99384,0.87904,0.8495,3.7101
1.6843,0.024395,0.93158,0.93158,1.2605,0.72472,0.024395,0.61965,0.65233,0.9878,0.9878,0.75562,1.143,4.0337
1.2224,0.005216,0.9624,0.9624,0.85106,0.4584,0.005216,0.85608,0.29559,0.99739,0.99739,0.9224,0.74997,3.7244
1.6736,0.025314,0.92826,0.92826,1.2588,0.72448,0.025314,0.62248,0.65126,0.98734,0.98734,0.7586,1.1344,4.0065
1.2331,0.0052313,0.96387,0.96387,0.87914,0.47488,0.0052313,0.85002,0.30465,0.99738,0.99738,0.91883,0.75889,3.7294
1.0764,0.0065822,0.8727,0.8727,0.33959,0.17715,0.0065822,0.94175,0.15453,0.99671,0.99671,0.97015,0.6289,3.7188
1.119,0.0092065,0.8835,0.8835,0.50155,0.2647,0.0092065,0.91185,0.21537,0.9954,0.9954,0.95419,0.66553,3.6586
1.1032,0.010332,0.85163,0.85163,0.43523,0.22968,0.010332,0.92013,0.20242,0.99483,0.99483,0.95871,0.65281,3.6521
1.1032,0.010332,0.85163,0.85163,0.43523,0.22968,0.010332,0.92013,0.20242,0.99483,0.99483,0.95871,0.65281,3.6521
1.7804,0.0075827,0.98036,0.98036,1.2819,0.72622,0.0075827,0.60634,0.61809,0.99621,0.99621,0.73482,1.216,4.4126
1.2894,0.004496,0.97439,0.97439,1.0125,0.55472,0.004496,0.82,0.34533,0.99775,0.99775,0.90054,0.80553,3.7772
1.118,0.011719,0.85196,0.85196,0.48718,0.25824,0.011719,0.90926,0.22457,0.99414,0.99414,0.95286,0.66571,3.629
1.3006,0.0051164,0.97183,0.97183,1.0326,0.56755,0.0051164,0.81325,0.35684,0.99744,0.99744,0.8964,0.81509,3.7762
1.1023,0.017387,0.75591,0.75591,0.40211,0.21555,0.017387,0.91169,0.22798,0.99131,0.99131,0.95432,0.65496,3.5774
1.6554,0.038113,0.89066,0.89066,1.2232,0.70439,0.038113,0.61478,0.68765,0.98094,0.98094,0.75611,1.1244,3.8575
1.0274,0.0048407,0.7542,0.7542,0.12015,0.062974,0.0048407,0.97549,0.078243,0.99758,0.99758,0.98763,0.58736,3.8176
1.0181,0.0050475,0.62971,0.62971,0.072314,0.038842,0.0050475,0.98135,0.063141,0.99748,0.99748,0.99061,0.57966,3.8407
1.8319,0.0087086,0.97834,0.97834,1.2576,0.70015,0.0087086,0.58927,0.64079,0.99565,0.99565,0.71689,1.2594,4.4925
1.2118,0.020718,0.8489,0.8489,0.7604,0.41431,0.020718,0.84259,0.35079,0.98964,0.98964,0.9156,0.74761,3.5356
1.029,0.0021752,0.89063,0.89063,0.13965,0.071561,0.0021752,0.97794,0.068151,0.99891,0.99891,0.98887,0.58761,3.8536
1.0159,0.0047258,0.60982,0.60982,0.06274,0.033852,0.0047258,0.98318,0.057857,0.99764,0.99764,0.99154,0.57773,3.8517
1.1068,0.0098805,0.86226,0.86226,0.45146,0.23812,0.0098805,0.91848,0.20467,0.99506,0.99506,0.9578,0.65564,3.6555
1.0537,0.0052619,0.85711,0.85711,0.24383,0.12658,0.0052619,0.95794,0.11901,0.99737,0.99737,0.9786,0.60941,3.7631
1.6644,0.0097044,0.97201,0.97201,1.3036,0.75178,0.0097044,0.64374,0.58364,0.99515,0.99515,0.77205,1.1203,4.1778
1.8091,0.026762,0.93276,0.93276,1.2237,0.68282,0.026762,0.57597,0.70749,0.98662,0.98662,0.71247,1.2479,4.2264
1.9558,0.015012,0.96557,0.96557,1.1803,0.60786,0.015012,0.54922,0.70459,0.99249,0.99249,0.67139,1.3653,4.6518
1.7651,0.021645,0.94356,0.94356,1.2512,0.70914,0.021645,0.59534,0.67305,0.98918,0.98918,0.73055,1.2091,4.202
1.4829,0.017341,0.93671,0.93671,1.2267,0.70187,0.017341,0.70897,0.52814,0.99133,0.99133,0.82749,0.9721,3.8124
1.4954,0.054749,0.80975,0.80975,1.1142,0.64293,0.054749,0.66048,0.6585,0.97263,0.97263,0.79838,0.99812,3.5066
1.8674,0.0099648,0.97584,0.97584,1.2377,0.6778,0.0099648,0.57766,0.65774,0.99502,0.99502,0.70422,1.2895,4.5429
1.5548,0.025597,0.91657,0.91657,1.2399,0.7151,0.025597,0.66826,0.59767,0.9872,0.9872,0.79801,1.0355,3.8224
1.8147,0.025888,0.93521,0.93521,1.2236,0.68152,0.025888,0.57523,0.70619,0.98706,0.98706,0.71116,1.2522,4.246
1.7962,0.023468,0.94037,0.94037,1.2364,0.69385,0.023468,0.58352,0.69093,0.98827,0.98827,0.71896,1.2358,4.238
1.1767,0.0061651,0.94527,0.94527,0.71413,0.38034,0.0061651,0.88122,0.2596,0.99692,0.99692,0.937,0.7123,3.6955
1.8146,0.0035145,0.99113,0.99113,1.2781,0.71738,0.0035145,0.60036,0.60831,0.99824,0.99824,0.72612,1.2428,4.546
1.9613,0.01307,0.9701,0.9701,1.1812,0.60631,0.01307,0.55003,0.69761,0.99347,0.99347,0.67084,1.3691,4.6897
1.0271,0.0045879,0.76352,0.76352,0.11964,0.062588,0.0045879,0.97603,0.076605,0.99771,0.99771,0.98791,0.58699,3.8218
1.8345,0.0053816,0.98663,0.98663,1.2644,0.70404,0.0053816,0.59226,0.62498,0.99731,0.99731,0.71823,1.2602,4.551
1.4925,0.014467,0.9479,0.9479,1.2431,0.7117,0.014467,0.70807,0.52174,0.99277,0.99277,0.82618,0.97897,3.8586
1.3724,0.013859,0.93726,0.93726,1.1214,0.6291,0.013859,0.76543,0.44684,0.99307,0.99307,0.86663,0.87859,3.7245
2.1142,0.011449,0.97553,0.97553,1.1002,0.46557,0.011449,0.52079,0.72286,0.99428,0.99428,0.62098,1.4957,5.052
1.3661,0.032391,0.85435,0.85435,1.0453,0.59042,0.032391,0.74627,0.51062,0.9838,0.9838,0.85637,0.88108,3.5336
2.0198,0.0053357,0.98812,0.98812,1.1633,0.56712,0.0053357,0.54538,0.67453,0.99733,0.99733,0.65652,1.4145,4.9366
1.7833,0.0031208,0.99192,0.99192,1.2922,0.73231,0.0031208,0.61053,0.59547,0.99844,0.99844,0.73681,1.2166,4.4943
1.3507,0.011849,0.94344,0.94344,1.0962,0.61166,0.011849,0.77879,0.42378,0.99408,0.99408,0.87519,0.85971,3.7276
1.8849,0.0077437,0.98143,0.98143,1.2339,0.67021,0.0077437,0.57535,0.65229,0.99613,0.99613,0.69988,1.3031,4.6114
1.4032,0.014182,0.93994,0.93994,1.1609,0.65526,0.014182,0.74988,0.46807,0.99291,0.99291,0.85613,0.90444,3.7535
1.6291,0.02017,0.93985,0.93985,1.2733,0.73503,0.02017,0.6449,0.61255,0.98992,0.98992,0.77685,1.0952,3.9904
1.6129,0.021473,0.9348,0.9348,1.2677,0.732,0.021473,0.64966,0.61024,0.98926,0.98926,0.78139,1.0822,3.951
1.5659,0.025414,0.91837,0.91837,1.2446,0.71815,0.025414,0.6639,0.60255,0.98729,0.98729,0.79443,1.0447,3.8401
1.5611,0.017374,0.94354,0.94354,1.268,0.73097,0.017374,0.67523,0.56943,0.99131,0.99131,0.80139,1.0373,3.9194
1.6574,0.0051427,0.98501,0.98501,1.3173,0.76013,0.0051427,0.6517,0.55815,0.99743,0.99743,0.77744,1.1125,4.2359
1.4064,0.013615,0.94268,0.94268,1.1667,0.65881,0.013615,0.74904,0.46769,0.99319,0.99319,0.85545,0.90685,3.7638
1.6624,0.0030233,0.99123,0.99123,1.3231,0.76338,0.0030233,0.65234,0.54854,0.99849,0.99849,0.77719,1.1157,4.2817
1.0193,0.0053002,0.63503,0.63503,0.077469,0.041571,0.0053002,0.98021,0.0664,0.99735,0.99735,0.99004,0.58079,3.8337
1.455,0.015669,0.93996,0.93996,1.2099,0.68924,0.015669,0.72362,0.50552,0.99217,0.99217,0.83788,0.9482,3.7965
1.4743,0.012644,0.95301,0.95301,1.2361,0.70569,0.012644,0.71843,0.50386,0.99368,0.99368,0.83346,0.96303,3.8574
1.0218,0.0072763,0.56686,0.56686,0.081537,0.044598,0.0072763,0.97598,0.078673,0.99636,0.99636,0.98789,0.58368,3.8028
1.4321,0.010421,0.95815,0.95815,1.2062,0.68357,0.010421,0.74067,0.46952,0.99479,0.99479,0.84903,0.92689,3.8337
1.2198,0.0091197,0.93411,0.93411,0.82872,0.44756,0.0091197,0.85255,0.31184,0.99544,0.99544,0.92064,0.74951,3.6684
1.4148,0.019535,0.91961,0.91961,1.1556,0.65484,0.019535,0.73785,0.49669,0.99023,0.99023,0.8487,0.91632,3.7061
1.8413,0.024427,0.94,0.94,1.2163,0.67029,0.024427,0.56905,0.70938,0.98779,0.98779,0.70328,1.2738,4.3113
1.4112,0.014174,0.94094,0.94094,1.1704,0.6616,0.014174,0.74603,0.47304,0.99291,0.99291,0.85347,0.91111,3.7625
1.4147,0.01376,0.94304,0.94304,1.1758,0.66498,0.01376,0.74488,0.47344,0.99312,0.99312,0.8526,0.91381,3.7713
1.3224,0.011159,0.9427,0.9427,1.0508,0.58248,0.011159,0.79423,0.40099,0.99442,0.99442,0.8851,0.83579,3.7103
1.3976,0.013676,0.94137,0.94137,1.1557,0.65152,0.013676,0.75325,0.46237,0.99316,0.99316,0.85836,0.8995,3.7533
1.4445,0.013532,0.94706,0.94706,1.2076,0.68642,0.013532,0.73105,0.49049,0.99323,0.99323,0.8428,0.93857,3.8092
1.4643,0.0099223,0.9624,0.9624,1.2375,0.70495,0.0099223,0.72625,0.48614,0.99504,0.99504,0.83861,0.95358,3.88
1.5165,0.016359,0.94332,0.94332,1.2515,0.71874,0.016359,0.69528,0.5425,0.99182,0.99182,0.81691,0.99977,3.8684
1.0198,0.0061811,0.59177,0.59177,0.076232,0.04138,0.0061811,0.97872,0.070869,0.99691,0.99691,0.98928,0.58157,3.8214
1.0267,0.0054305,0.72052,0.72052,0.11417,0.060226,0.0054305,0.97517,0.07965,0.99728,0.99728,0.98747,0.58703,3.8115
1.0129,0.0041513,0.58099,0.58099,0.049516,0.026906,0.0041513,0.98596,0.049633,0.99792,0.99792,0.99295,0.57495,3.8698
1.0119,0.0038373,0.58196,0.58196,0.045985,0.024973,0.0038373,0.987,0.046446,0.99808,0.99808,0.99347,0.57403,3.8775
1.0139,0.0046645,0.56605,0.56605,0.052555,0.028689,0.0046645,0.98461,0.053747,0.99767,0.99767,0.99226,0.57601,3.8596
1.0228,0.0057675,0.66078,0.66078,0.093353,0.049837,0.0057675,0.97726,0.07454,0.99712,0.99712,0.98854,0.58394,3.8175
1.6705,0.022273,0.93657,0.93657,1.2675,0.72992,0.022273,0.62706,0.63858,0.98886,0.98886,0.76167,1.1305,4.0335
1.0149,0.0028569,0.73626,0.73626,0.065623,0.03438,0.0028569,0.98632,0.047731,0.99857,0.99857,0.99313,0.57611,3.8806
1.1688,0.018888,0.83102,0.83102,0.63739,0.34403,0.018888,0.8697,0.30423,0.99056,0.99056,0.93114,0.71104,3.5451
1.0266,0.0041896,0.77856,0.77856,0.11869,0.061905,0.0041896,0.97691,0.073947,0.99791,0.99791,0.98835,0.58638,3.8286
1.0105,0.00095741,0.86822,0.86822,0.050869,0.025997,0.00095741,0.99178,0.029661,0.99952,0.99952,0.99588,0.57161,3.9272
1.0556,0.0053385,0.85996,0.85996,0.25262,0.13117,0.0053385,0.95657,0.12206,0.99733,0.99733,0.97789,0.6111,3.7593
1.3882,0.011426,0.94991,0.94991,1.1518,0.64759,0.011426,0.76058,0.44675,0.99429,0.99429,0.86299,0.89075,3.771
1.0292,0.0043658,0.789,0.789,0.13092,0.068211,0.0043658,0.97496,0.078971,0.99782,0.99782,0.98736,0.58864,3.8199
1.0848,0.0091605,0.84157,0.84157,0.36468,0.19166,0.0091605,0.9331,0.17593,0.99542,0.99542,0.96562,0.637,3.6787
1.0825,0.011259,0.80262,0.80262,0.34619,0.18297,0.011259,0.93182,0.18156,0.99437,0.99437,0.96499,0.63596,3.6561
1.0258,0.0032782,0.81882,0.81882,0.11858,0.061396,0.0032782,0.97864,0.068396,0.99836,0.99836,0.98923,0.58532,3.8437
1.1047,0.011014,0.84441,0.84441,0.43845,0.23174,0.011014,0.91832,0.20692,0.99449,0.99449,0.95775,0.65436,3.6432
1.0497,0.0088848,0.7494,0.7494,0.21014,0.111,0.0088848,0.95574,0.12885,0.99556,0.99556,0.9775,0.60763,3.7232
1.2951,0.018206,0.9001,0.9001,0.97175,0.53758,0.018206,0.79989,0.40964,0.9909,0.9909,0.8895,0.816,3.6071
1.0298,0.0054764,0.74458,0.74458,0.12909,0.067832,0.0054764,0.97311,0.084805,0.99726,0.99726,0.98642,0.58959,3.8036
1.8888,0.0090227,0.97843,0.97843,1.229,0.66564,0.0090227,0.57285,0.65961,0.99549,0.99549,0.69772,1.3069,4.5995
1.016,0.0032935,0.71876,0.71876,0.069448,0.036527,0.0032935,0.98501,0.051795,0.99835,0.99835,0.99246,0.57723,3.8706
1.0689,0.0098116,0.79566,0.79566,0.29343,0.15462,0.0098116,0.94227,0.15864,0.99509,0.99509,0.97048,0.62403,3.6863
1.0516,0.0060509,0.83064,0.83064,0.23074,0.12022,0.0060509,0.95826,0.11963,0.99697,0.99697,0.97878,0.60799,3.7555
1.0318,0.0068474,0.70476,0.70476,0.13306,0.070534,0.0068474,0.97001,0.093724,0.99658,0.99658,0.98484,0.59184,3.7818
1.8845,0.0083027,0.98009,0.98009,1.2329,0.66957,0.0083027,0.57482,0.65491,0.99585,0.99585,0.69963,1.3031,4.6019
1.0246,0.0033854,0.80545,0.80545,0.11258,0.058404,0.0033854,0.97922,0.067088,0.99831,0.99831,0.98953,0.58444,3.8449
1.5191,0.01525,0.94732,0.94732,1.2565,0.72166,0.01525,0.6955,0.53927,0.99237,0.99237,0.81681,1.0014,3.8849
1.0109,0.0028799,0.64976,0.64976,0.045095,0.024051,0.0028799,0.98891,0.040309,0.99856,0.99856,0.99443,0.57282,3.8942
2.0974,0.021791,0.95323,0.95323,1.0917,0.46958,0.021791,0.51278,0.7628,0.9891,0.9891,0.61967,1.4861,4.8748
1.0071,0.001011,0.8004,0.8004,0.033198,0.01714,0.001011,0.99392,0.023317,0.99949,0.99949,0.99696,0.56885,3.9393
1.0116,0.0020221,0.75767,0.75767,0.051966,0.027082,0.0020221,0.98964,0.037414,0.99899,0.99899,0.9948,0.57297,3.9049
1.206,0.016743,0.8738,0.8738,0.75963,0.41182,0.016743,0.85086,0.33092,0.99163,0.99163,0.92019,0.74111,3.574
1.0378,0.0035233,0.86457,0.86457,0.17644,0.091029,0.0035233,0.97047,0.088249,0.99824,0.99824,0.98506,0.59545,3.8143
1.0203,0.0043352,0.70889,0.70889,0.086903,0.045864,0.0043352,0.98079,0.064135,0.99783,0.99783,0.99033,0.58126,3.8431
1.0089,0.00092678,0.85179,0.85179,0.043139,0.022093,0.00092678,0.99282,0.026545,0.99954,0.99954,0.9964,0.57034,3.9334
1.453,0.020458,0.92165,0.92165,1.1917,0.67953,0.020458,0.71883,0.52325,0.98977,0.98977,0.83537,0.94851,3.7409
1.147,0.024579,0.75558,0.75558,0.54073,0.29361,0.024579,0.87547,0.30187,0.98771,0.98771,0.93461,0.69525,3.4939
1.018,0.0016391,0.86885,0.86885,0.086878,0.044506,0.0016391,0.98587,0.047216,0.99918,0.99918,0.99289,0.57822,3.8905
1.0165,0.0036612,0.69922,0.69922,0.070507,0.037244,0.0036612,0.98418,0.0544,0.99817,0.99817,0.99205,0.57781,3.8638
1.8017,0.010769,0.97262,0.97262,1.2656,0.7118,0.010769,0.59603,0.6405,0.99462,0.99462,0.72557,1.2351,4.4051
2.0102,0.008364,0.98131,0.98131,1.1631,0.57154,0.008364,0.54412,0.68765,0.99582,0.99582,0.65771,1.4078,4.8643
2.0453,0.011382,0.975,0.975,1.1376,0.53486,0.011382,0.53356,0.70936,0.99431,0.99431,0.644,1.4383,4.8956
1.034,0.005936,0.75646,0.75646,0.14805,0.077721,0.005936,0.96973,0.0935,0.99703,0.99703,0.98469,0.59335,3.7882
1.7981,0.034206,0.91357,0.91357,1.2095,0.67592,0.034206,0.57118,0.72989,0.9829,0.9829,0.71117,1.2418,4.133
1.1023,0.017387,0.75591,0.75591,0.40211,0.21555,0.017387,0.91169,0.22798,0.99131,0.99131,0.95432,0.65496,3.5774
1.6554,0.038113,0.89066,0.89066,1.2232,0.70439,0.038113,0.61478,0.68765,0.98094,0.98094,0.75611,1.1244,3.8575
1.0274,0.0048407,0.7542,0.7542,0.12015,0.062974,0.0048407,0.97549,0.078243,0.99758,0.99758,0.98763,0.58736,3.8176
1.0181,0.0050475,0.62971,0.62971,0.072314,0.038842,0.0050475,0.98135,0.063141,0.99748,0.99748,0.99061,0.57966,3.8407
1.8319,0.0087086,0.97834,0.97834,1.2576,0.70015,0.0087086,0.58927,0.64079,0.99565,0.99565,0.71689,1.2594,4.4925
1.2118,0.020718,0.8489,0.8489,0.7604,0.41431,0.020718,0.84259,0.35079,0.98964,0.98964,0.9156,0.74761,3.5356
1.029,0.0021752,0.89063,0.89063,0.13965,0.071561,0.0021752,0.97794,0.068151,0.99891,0.99891,0.98887,0.58761,3.8536
1.0159,0.0047258,0.60982,0.60982,0.06274,0.033852,0.0047258,0.98318,0.057857,0.99764,0.99764,0.99154,0.57773,3.8517
1.1148,0.011642,0.84915,0.84915,0.47521,0.25176,0.011642,0.91132,0.22074,0.99418,0.99418,0.95398,0.66301,3.6312
2.0966,0.028493,0.9389,0.9389,1.081,0.46177,0.028493,0.50597,0.78755,0.98575,0.98575,0.61547,1.4882,4.796
1.5612,0.023836,0.92289,0.92289,1.2479,0.71979,0.023836,0.66763,0.59445,0.98808,0.98808,0.79703,1.0401,3.8494
1.0436,0.0071768,0.76837,0.76837,0.18878,0.099183,0.0071768,0.96189,0.11314,0.99641,0.99641,0.98067,0.60185,3.7539
1.2871,0.013442,0.92392,0.92392,0.97331,0.53591,0.013442,0.81004,0.38465,0.99328,0.99328,0.89534,0.80735,3.6543
1.0523,0.01008,0.7314,0.7314,0.21729,0.11528,0.01008,0.9525,0.13725,0.99496,0.99496,0.97583,0.61032,3.7054
1.9035,0.0093061,0.97796,0.97796,1.2206,0.65525,0.0093061,0.56862,0.66515,0.99535,0.99535,0.69262,1.3193,4.6249
1.0761,0.0095512,0.81789,0.81789,0.32571,0.17137,0.0095512,0.93809,0.16672,0.99522,0.99522,0.96828,0.62987,3.6818
1.6381,0.022779,0.93286,0.93286,1.2662,0.73068,0.022779,0.63847,0.62658,0.98861,0.98861,0.7721,1.1038,3.9763
1.5721,0.024234,0.92273,0.92273,1.2502,0.72152,0.024234,0.66274,0.60125,0.98788,0.98788,0.79316,1.0493,3.861
1.8261,0.025957,0.93558,0.93558,1.219,0.67582,0.025957,0.57178,0.71018,0.98702,0.98702,0.70732,1.2618,4.2664
1.6656,0.023346,0.93322,0.93322,1.2647,0.72854,0.023346,0.6276,0.64061,0.98833,0.98833,0.76255,1.1269,4.0142
1.0926,0.011979,0.81159,0.81159,0.38541,0.20402,0.011979,0.92459,0.19661,0.99401,0.99401,0.96114,0.64467,3.6399
1.3596,0.019156,0.91124,0.91124,1.0831,0.60747,0.019156,0.7654,0.45938,0.99042,0.99042,0.86738,0.87011,3.6524
1.0534,0.0058287,0.84185,0.84185,0.24032,0.12506,0.0058287,0.95735,0.12123,0.99709,0.99709,0.9783,0.60945,3.7557
1.8664,0.028202,0.932,0.932,1.1968,0.65014,0.028202,0.55786,0.73098,0.9859,0.9859,0.69238,1.2963,4.3191
1.0159,0.0024357,0.78535,0.78535,0.072515,0.037647,0.0024357,0.98622,0.04751,0.99878,0.99878,0.99308,0.57677,3.8838
1.0223,0.0049786,0.6967,0.6967,0.094216,0.049884,0.0049786,0.97863,0.070371,0.99751,0.99751,0.98923,0.58319,3.8289
1.3534,0.023468,0.89022,0.89022,1.0577,0.5937,0.023468,0.76331,0.47118,0.98827,0.98827,0.86657,0.86674,3.6027
1.7706,0.028837,0.92537,0.92537,1.2314,0.69549,0.028837,0.5856,0.70163,0.98558,0.98558,0.72392,1.2167,4.1358
1.008,0.0014706,0.74696,0.74696,0.035897,0.018725,0.0014706,0.99272,0.027609,0.99926,0.99926,0.99635,0.56979,3.9275
1.9487,0.0089844,0.97928,0.97928,1.1967,0.62237,0.0089844,0.55754,0.67578,0.99551,0.99551,0.67778,1.3568,4.7229
1.0052,0.00049786,0.8632,0.8632,0.025491,0.013016,0.00049786,0.99586,0.01636,0.99975,0.99975,0.99793,0.56706,3.9575
1.4333,0.019393,0.92296,0.92296,1.1763,0.66853,0.019393,0.72925,0.50747,0.9903,0.9903,0.84263,0.93168,3.7288
1.0773,0.0090456,0.82946,0.82946,0.333,0.17493,0.0090456,0.938,0.16615,0.99548,0.99548,0.96821,0.63066,3.6867
1.6705,0.015303,0.95626,0.95626,1.2872,0.74169,0.015303,0.63503,0.61082,0.99235,0.99235,0.7663,1.1276,4.114
1.4991,0.018803,0.93321,0.93321,1.233,0.70711,0.018803,0.70001,0.5429,0.9906,0.9906,0.8211,0.98625,3.8173
1.4826,0.0095205,0.96501,0.96501,1.2528,0.71556,0.0095205,0.71844,0.49458,0.99524,0.99524,0.83278,0.96864,3.9091
1.8872,0.013595,0.96751,0.96751,1.2196,0.65963,0.013595,0.56819,0.67987,0.9932,0.9932,0.6952,1.3075,4.531
1.3789,0.031533,0.86201,0.86201,1.0672,0.60384,0.031533,0.74094,0.51642,0.98423,0.98423,0.85266,0.89143,3.5534
1.0775,0.012952,0.76195,0.76195,0.31753,0.16877,0.012952,0.93281,0.18172,0.99352,0.99352,0.96554,0.63247,3.6424
1.0329,0.0036612,0.84024,0.84024,0.1524,0.07881,0.0036612,0.97344,0.081599,0.99817,0.99817,0.98658,0.59148,3.8218
1.0218,0.0018765,0.87525,0.87525,0.10483,0.053715,0.0018765,0.98308,0.054863,0.99906,0.99906,0.99148,0.58145,3.8761
1.0367,0.0057598,0.77892,0.77892,0.16176,0.084638,0.0057598,0.96822,0.096849,0.99712,0.99712,0.98392,0.5955,3.7849
1.6964,0.0052612,0.98528,0.98528,1.3121,0.75502,0.0052612,0.63734,0.57485,0.99737,0.99737,0.76436,1.145,4.2999
1.1173,0.010087,0.87108,0.87108,0.49135,0.25966,0.010087,0.91177,0.21719,0.99496,0.99496,0.95417,0.66446,3.6484
1.9253,0.035524,0.91759,0.91759,1.1538,0.60067,0.035524,0.53468,0.77324,0.98224,0.98224,0.6679,1.3484,4.3613
1.3247,0.010754,0.94509,0.94509,1.0564,0.58578,0.010754,0.79354,0.40085,0.99462,0.99462,0.88461,0.83754,3.7175
1.7949,0.013312,0.966,0.966,1.262,0.71077,0.013312,0.59528,0.64949,0.99334,0.99334,0.72617,1.2304,4.3574
1.4052,0.011359,0.95195,0.95195,1.1733,0.66184,0.011359,0.75237,0.45723,0.99432,0.99432,0.85736,0.90489,3.7905
1.7,0.0032641,0.99089,0.99089,1.317,0.75772,0.0032641,0.63838,0.56532,0.99837,0.99837,0.76449,1.1472,4.3414
1.0045,0.0011489,0.66235,0.66235,0.019086,0.010129,0.0011489,0.99545,0.018515,0.99943,0.99943,0.99772,0.56676,3.9486
1.0291,0.0042662,0.79314,0.79314,0.13108,0.068244,0.0042662,0.97513,0.078434,0.99787,0.99787,0.98745,0.58855,3.8214
1.0452,0.0091222,0.72062,0.72062,0.18814,0.099813,0.0091222,0.95831,0.12332,0.99544,0.99544,0.97884,0.604,3.728
1.0384,0.0067632,0.75399,0.75399,0.16575,0.087175,0.0067632,0.96579,0.1037,0.99662,0.99662,0.98268,0.59735,3.7688
1.5069,0.022595,0.92094,0.92094,1.2255,0.70386,0.022595,0.69214,0.56163,0.9887,0.9887,0.81598,0.9943,3.7871
1.5388,0.023514,0.92153,0.92153,1.2397,0.71408,0.023514,0.67737,0.58188,0.98824,0.98824,0.80473,1.0213,3.821
1.0068,0.00108,0.77741,0.77741,0.031035,0.016089,0.00108,0.99407,0.022955,0.99946,0.99946,0.99703,0.56858,3.9396
1.8998,0.0092907,0.97794,0.97794,1.2226,0.65781,0.0092907,0.56961,0.66404,0.99535,0.99535,0.69386,1.3162,4.6176
1.0082,0.002405,0.61587,0.61587,0.032962,0.017717,0.002405,0.99134,0.032607,0.9988,0.9988,0.99566,0.57035,3.9121
1.8439,0.075406,0.81831,0.81831,1.101,0.59113,0.075406,0.51526,0.86532,0.9623,0.9623,0.66843,1.2972,3.9041
1.0138,0.002045,0.79216,0.79216,0.063479,0.032894,0.002045,0.98812,0.04176,0.99898,0.99898,0.99403,0.57486,3.8967
1.6447,0.015725,0.95381,0.95381,1.2869,0.74262,0.015725,0.64409,0.60159,0.99214,0.99214,0.7746,1.1063,4.0669
1.0061,0.0018995,0.59448,0.59448,0.02402,0.012977,0.0018995,0.99342,0.025699,0.99905,0.99905,0.9967,0.56837,3.9291
1.1142,0.025919,0.6808,0.6808,0.41431,0.2261,0.025919,0.89355,0.27022,0.98704,0.98704,0.94464,0.6685,3.4947
1.3475,0.012328,0.94073,0.94073,1.0893,0.60754,0.012328,0.77983,0.42365,0.99384,0.99384,0.87594,0.85725,3.7186
1.0974,0.0072534,0.88856,0.88856,0.42476,0.22252,0.0072534,0.92771,0.18269,0.99637,0.99637,0.9627,0.6467,3.6939
1.4253,0.01813,0.92679,0.92679,1.1722,0.66508,0.01813,0.73457,0.49767,0.99094,0.99094,0.84616,0.92444,3.7332
1.8103,0.0035814,0.99093,0.99093,1.2798,0.71937,0.0035814,0.60159,0.60727,0.99821,0.99821,0.72751,1.2392,4.5366
1.1464,0.021186,0.78635,0.78635,0.5522,0.29823,0.021186,0.8801,0.28978,0.98941,0.98941,0.93709,0.69329,3.5244
1.6076,0.0083946,0.97414,0.97414,1.3064,0.75412,0.0083946,0.667,0.55245,0.9958,0.9958,0.79188,1.0723,4.1051
1.0086,0.0022212,0.65731,0.65731,0.035973,0.019138,0.0022212,0.9913,0.032621,0.99889,0.99889,0.99564,0.57063,3.913
1.0197,0.0032782,0.76837,0.76837,0.088425,0.046108,0.0032782,0.98258,0.058318,0.99836,0.99836,0.99123,0.58032,3.8596
1.0084,0.0018995,0.69438,0.69438,0.036104,0.019043,0.0018995,0.99189,0.030574,0.99905,0.99905,0.99593,0.57029,3.919
1.8754,0.0066559,0.98393,0.98393,1.2413,0.67798,0.0066559,0.57916,0.64411,0.99667,0.99667,0.70376,1.2948,4.61
1.0436,0.005239,0.82719,0.82719,0.19674,0.1023,0.005239,0.96447,0.1047,0.99738,0.99738,0.98199,0.60099,3.7792
1.5154,0.019675,0.93189,0.93189,1.2401,0.71247,0.019675,0.69187,0.55507,0.99016,0.99016,0.81509,1.0002,3.8295
1.0094,0.00027574,0.9567,0.9567,0.048544,0.024485,0.00027574,0.99336,0.023474,0.99986,0.99986,0.99667,0.57048,3.9452
1.0327,0.0060355,0.74357,0.74357,0.1411,0.074229,0.0060355,0.97046,0.091837,0.99698,0.99698,0.98507,0.59228,3.7898
2.0817,0.011014,0.97617,0.97617,1.1182,0.49962,0.011014,0.52697,0.71496,0.99449,0.99449,0.63209,1.4685,4.9835
1.9434,0.015249,0.96479,0.96479,1.1865,0.61716,0.015249,0.55195,0.70241,0.99238,0.99238,0.67536,1.355,4.6229
1.0189,0.0044118,0.68405,0.68405,0.079226,0.04202,0.0044118,0.98164,0.061917,0.99779,0.99779,0.99076,0.58008,3.8463
1.0098,0.0014323,0.79491,0.79491,0.045378,0.023472,0.0014323,0.99159,0.030984,0.99928,0.99928,0.99578,0.57126,3.9211
1.8653,0.0069143,0.9832,0.9832,1.2458,0.68385,0.0069143,0.58167,0.6424,0.99654,0.99654,0.70694,1.2865,4.5858
1.4914,0.0041973,0.98473,0.98473,1.2768,0.72932,0.0041973,0.72095,0.47294,0.9979,0.9979,0.83341,0.97373,4.0012
1.0031,0.00085018,0.63683,0.63683,0.012735,0.0067975,0.00085018,0.99681,0.013572,0.99957,0.99957,0.9984,0.56543,3.9614
1.0105,0.0022901,0.70369,0.70369,0.045295,0.023858,0.0022901,0.98999,0.036659,0.99885,0.99885,0.99498,0.5722,3.9047
1.3597,0.024295,0.88812,0.88812,1.0646,0.5985,0.024295,0.75913,0.47849,0.98785,0.98785,0.86391,0.87236,3.6007
1.0104,0.0026731,0.65684,0.65684,0.043127,0.022958,0.0026731,0.98954,0.038267,0.99866,0.99866,0.99475,0.57228,3.8993
1.0236,0.0036229,0.78444,0.78444,0.10643,0.055402,0.0036229,0.97958,0.066499,0.99819,0.99819,0.98971,0.58369,3.8441
1.0787,0.004879,0.90734,0.90734,0.35691,0.18538,0.004879,0.94249,0.14961,0.99756,0.99756,0.9705,0.63015,3.7405
1.047,0.0045267,0.85994,0.85994,0.21608,0.11189,0.0045267,0.96318,0.10639,0.99774,0.99774,0.98131,0.60357,3.7835
1.0512,0.0055453,0.84317,0.84317,0.2314,0.1203,0.0055453,0.95913,0.11694,0.99723,0.99723,0.97922,0.60751,3.7628
1.096,0.016636,0.75212,0.75212,0.37981,0.20335,0.016636,0.91653,0.21789,0.99168,0.99168,0.95692,0.64941,3.589
1.5214,0.0063113,0.97813,0.97813,1.287,0.73828,0.0063113,0.70517,0.50001,0.99684,0.99684,0.82199,0.99964,4.0084
1.15,0.019301,0.80851,0.80851,0.57269,0.30852,0.019301,0.88027,0.28698,0.99035,0.99035,0.93712,0.69558,3.5417
1.1455,0.011083,0.8841,0.8841,0.59042,0.31409,0.011083,0.89341,0.25102,0.99446,0.99446,0.94411,0.68837,3.6299
1.1514,0.016138,0.83963,0.83963,0.59006,0.31648,0.016138,0.88349,0.27678,0.99193,0.99193,0.93879,0.69535,3.5733
1.5394,0.0056679,0.98086,0.98086,1.2972,0.74552,0.0056679,0.69822,0.50599,0.99717,0.99717,0.81643,1.0144,4.0441
1.9574,0.0099242,0.97723,0.97723,1.1898,0.61406,0.0099242,0.5544,0.68243,0.99504,0.99504,0.67424,1.3645,4.7269
1.0363,0.0040594,0.83902,0.83902,0.16692,0.086426,0.0040594,0.97074,0.08856,0.99797,0.99797,0.9852,0.59443,3.8092
1.6139,0.0046569,0.98573,0.98573,1.3184,0.76108,0.0046569,0.66894,0.53645,0.99767,0.99767,0.79227,1.076,4.1735
1.0371,0.0048177,0.81466,0.81466,0.16762,0.087163,0.0048177,0.96921,0.093269,0.99759,0.99759,0.98442,0.59543,3.7969
1.0188,0.0042279,0.69474,0.69474,0.079608,0.042122,0.0042279,0.98194,0.060974,0.99789,0.99789,0.99091,0.57993,3.849
1.019,0.0036229,0.73728,0.73728,0.083277,0.043676,0.0036229,0.9826,0.058646,0.99819,0.99819,0.99125,0.57986,3.8567
1.0573,0.010309,0.74704,0.74704,0.23898,0.12659,0.010309,0.94904,0.14501,0.99485,0.99485,0.97403,0.61453,3.6955
1.0042,0.00038297,0.86857,0.86857,0.020542,0.010476,0.00038297,0.9967,0.013383,0.99981,0.99981,0.99835,0.56615,3.9647
1.9625,0.011022,0.97478,0.97478,1.1848,0.60839,0.011022,0.552,0.68876,0.99449,0.99449,0.67183,1.3692,4.7213
1.5287,0.0060279,0.97933,0.97933,1.2914,0.74139,0.0060279,0.70236,0.50236,0.99699,0.99699,0.81975,1.0056,4.0231
1.7994,0.0074295,0.98105,0.98105,1.2749,0.71825,0.0074295,0.60054,0.62389,0.99629,0.99629,0.72857,1.2318,4.4505
1.4829,0.0066789,0.97541,0.97541,1.2627,0.72076,0.0066789,0.72174,0.48117,0.99666,0.99666,0.83457,0.96772,3.9503
1.7463,0.027566,0.92714,0.92714,1.2412,0.70571,0.027566,0.59485,0.68821,0.98622,0.98622,0.73285,1.1959,4.106
1.046,0.0057751,0.81999,0.81999,0.2061,0.10738,0.0057751,0.96218,0.11063,0.99711,0.99711,0.98081,0.60327,3.7678
1.5292,0.0048637,0.98332,0.98332,1.2954,0.74363,0.0048637,0.70353,0.49659,0.99757,0.99757,0.82035,1.0056,4.0425
1.0268,0.0038909,0.79524,0.79524,0.12134,0.063103,0.0038909,0.97712,0.073031,0.99805,0.99805,0.98846,0.58648,3.8321
1.1582,0.0090227,0.91207,0.91207,0.64252,0.3418,0.0090227,0.88844,0.255,0.99549,0.99549,0.94124,0.69813,3.6549
1.5751,0.017479,0.94425,0.94425,1.272,0.73384,0.017479,0.66933,0.57675,0.99126,0.99126,0.79663,1.0491,3.9388
1.0089,0.0017846,0.72434,0.72434,0.038935,0.020409,0.0017846,0.99174,0.030914,0.99911,0.99911,0.99586,0.57062,3.919
1.6114,0.010838,0.96682,0.96682,1.2994,0.7502,0.010838,0.66262,0.56555,0.99458,0.99458,0.78898,1.0765,4.0767
1.4844,0.020764,0.92461,0.92461,1.2164,0.69661,0.020764,0.70423,0.54235,0.98962,0.98962,0.82471,0.97478,3.7768
1.5259,0.0094056,0.9677,0.9677,1.279,0.73447,0.0094056,0.6995,0.51731,0.9953,0.9953,0.81842,1.0047,3.9695
